{
  "project_info": {
    "project_number": "294195762656",
    "firebase_url": "https://myapplication2-9e92e.firebaseio.com",
    "project_id": "myapplication2-9e92e",
    "storage_bucket": "myapplication2-9e92e.appspot.com"
  },
  "client": [
    {
      "client_info": {
        "mobilesdk_app_id": "1:294195762656:android:3b1512f5acdf0b34",
        "android_client_info": {
          "package_name": "com.maya_akhriza.myapplication"
        }
      },
      "oauth_client": [
        {
          "client_id": "294195762656-3rk1jqgvm8414p40j72erf491rbf9mg6.apps.googleusercontent.com",
          "client_type": 1,
          "android_info": {
            "package_name": "com.maya_akhriza.myapplication",
            "certificate_hash": "1e8345041e710927310341bbc611ff42f91c589d"
          }
        },
        {
          "client_id": "294195762656-7p89mt0o31prohsbki8ssqd0b9g8fgqq.apps.googleusercontent.com",
          "client_type": 3
        }
      ],
      "api_key": [
        {
          "current_key": "AIzaSyDi0nxEEfqlm5gnSqL8WC09RoujHmC0l2Y"
        }
      ],
      "services": {
        "analytics_service": {
          "status": 1
        },
        "appinvite_service": {
          "status": 2,
          "other_platform_oauth_client": [
            {
              "client_id": "294195762656-7p89mt0o31prohsbki8ssqd0b9g8fgqq.apps.googleusercontent.com",
              "client_type": 3
            }
          ]
        },
        "ads_service": {
          "status": 2
        }
      }
    }
  ],
  "configuration_version": "1"
}